session_test_id,name,trial_id,rating_stimulus,rating_score,rating_time,rating_comment
model_comparison_v1,1,audio_item_1,Opt_256,40,171966,
model_comparison_v1,1,audio_item_1,Opt_64_dropout,50,171966,
model_comparison_v1,1,audio_item_1,reference,100,171966,
model_comparison_v1,1,audio_item_1,Opt_32,40,171966,
model_comparison_v1,1,audio_item_1,Opt_128,40,171966,
model_comparison_v1,1,audio_item_2,reference,100,49006,
model_comparison_v1,1,audio_item_2,Opt_128,40,49006,
model_comparison_v1,1,audio_item_2,Opt_32,40,49006,
model_comparison_v1,1,audio_item_2,Opt_256,50,49006,
model_comparison_v1,1,audio_item_2,Opt_64_dropout,40,49006,
model_comparison_v1,1,audio_item_3,reference,100,38304,
model_comparison_v1,1,audio_item_3,Opt_256,50,38304,
model_comparison_v1,1,audio_item_3,Opt_128,40,38304,
model_comparison_v1,1,audio_item_3,Opt_64_dropout,45,38304,
model_comparison_v1,1,audio_item_3,Opt_32,40,38304,
model_comparison_v1,1,audio_item_4,Opt_64_dropout,50,32320,
model_comparison_v1,1,audio_item_4,Opt_128,50,32320,
model_comparison_v1,1,audio_item_4,Opt_256,65,32320,
model_comparison_v1,1,audio_item_4,reference,100,32320,
model_comparison_v1,1,audio_item_4,Opt_32,50,32320,
model_comparison_v1,1,audio_item_5,Opt_64_dropout,40,40262,
model_comparison_v1,1,audio_item_5,Opt_32,40,40262,
model_comparison_v1,1,audio_item_5,Opt_128,50,40262,
model_comparison_v1,1,audio_item_5,reference,100,40262,
model_comparison_v1,1,audio_item_5,Opt_256,55,40262,
model_comparison_v1,1,audio_item_6,reference,100,32500,
model_comparison_v1,1,audio_item_6,Opt_64_dropout,59,32500,
model_comparison_v1,1,audio_item_6,Opt_32,60,32500,
model_comparison_v1,1,audio_item_6,Opt_256,80,32500,
model_comparison_v1,1,audio_item_6,Opt_128,60,32500,
model_comparison_v1,1,audio_item_7,Opt_32,60,33571,
model_comparison_v1,1,audio_item_7,Opt_128,80,33571,
model_comparison_v1,1,audio_item_7,Opt_64_dropout,60,33571,
model_comparison_v1,1,audio_item_7,Opt_256,60,33571,
model_comparison_v1,1,audio_item_7,reference,100,33571,
model_comparison_v1,1,audio_item_8,Opt_32,55,37001,
model_comparison_v1,1,audio_item_8,reference,100,37001,
model_comparison_v1,1,audio_item_8,Opt_256,80,37001,
model_comparison_v1,1,audio_item_8,Opt_128,60,37001,
model_comparison_v1,1,audio_item_8,Opt_64_dropout,55,37001,
model_comparison_v1,2,audio_item_1,Opt_128,18,280948,
model_comparison_v1,2,audio_item_1,Opt_64_dropout,10,280948,
model_comparison_v1,2,audio_item_1,Opt_32,9,280948,
model_comparison_v1,2,audio_item_1,Opt_256,0,280948,
model_comparison_v1,2,audio_item_1,reference,100,280948,
model_comparison_v1,2,audio_item_2,Opt_64_dropout,13,37088,
model_comparison_v1,2,audio_item_2,reference,100,37088,
model_comparison_v1,2,audio_item_2,Opt_32,11,37088,
model_comparison_v1,2,audio_item_2,Opt_256,12,37088,
model_comparison_v1,2,audio_item_2,Opt_128,7,37088,
model_comparison_v1,2,audio_item_3,Opt_32,13,25717,
model_comparison_v1,2,audio_item_3,reference,86,25717,
model_comparison_v1,2,audio_item_3,Opt_64_dropout,13,25717,
model_comparison_v1,2,audio_item_3,Opt_256,14,25717,
model_comparison_v1,2,audio_item_3,Opt_128,9,25717,
model_comparison_v1,2,audio_item_4,Opt_64_dropout,34,21447,
model_comparison_v1,2,audio_item_4,reference,100,21447,
model_comparison_v1,2,audio_item_4,Opt_32,37,21447,
model_comparison_v1,2,audio_item_4,Opt_128,19,21447,
model_comparison_v1,2,audio_item_4,Opt_256,6,21447,
model_comparison_v1,2,audio_item_5,reference,100,18943,
model_comparison_v1,2,audio_item_5,Opt_32,16,18943,
model_comparison_v1,2,audio_item_5,Opt_128,15,18943,
model_comparison_v1,2,audio_item_5,Opt_256,14,18943,
model_comparison_v1,2,audio_item_5,Opt_64_dropout,6,18943,
model_comparison_v1,2,audio_item_6,Opt_128,33,18134,
model_comparison_v1,2,audio_item_6,reference,100,18134,
model_comparison_v1,2,audio_item_6,Opt_32,20,18134,
model_comparison_v1,2,audio_item_6,Opt_64_dropout,17,18134,
model_comparison_v1,2,audio_item_6,Opt_256,11,18134,
model_comparison_v1,2,audio_item_7,Opt_32,16,19786,
model_comparison_v1,2,audio_item_7,Opt_128,17,19786,
model_comparison_v1,2,audio_item_7,Opt_64_dropout,22,19786,
model_comparison_v1,2,audio_item_7,reference,79,19786,
model_comparison_v1,2,audio_item_7,Opt_256,9,19786,
model_comparison_v1,2,audio_item_8,Opt_32,12,16470,
model_comparison_v1,2,audio_item_8,Opt_128,16,16470,
model_comparison_v1,2,audio_item_8,Opt_256,14,16470,
model_comparison_v1,2,audio_item_8,reference,100,16470,
model_comparison_v1,2,audio_item_8,Opt_64_dropout,15,16470,
model_comparison_v1,3,audio_item_1,Opt_64_dropout,65,264838,
model_comparison_v1,3,audio_item_1,Opt_32,65,264838,
model_comparison_v1,3,audio_item_1,reference,100,264838,
model_comparison_v1,3,audio_item_1,Opt_256,64,264838,
model_comparison_v1,3,audio_item_1,Opt_128,65,264838,
model_comparison_v1,3,audio_item_2,reference,100,21977,
model_comparison_v1,3,audio_item_2,Opt_64_dropout,43,21977,
model_comparison_v1,3,audio_item_2,Opt_128,39,21977,
model_comparison_v1,3,audio_item_2,Opt_256,39,21977,
model_comparison_v1,3,audio_item_2,Opt_32,40,21977,
model_comparison_v1,3,audio_item_3,Opt_64_dropout,15,21733,
model_comparison_v1,3,audio_item_3,Opt_256,26,21733,
model_comparison_v1,3,audio_item_3,Opt_128,39,21733,
model_comparison_v1,3,audio_item_3,Opt_32,42,21733,
model_comparison_v1,3,audio_item_3,reference,100,21733,
model_comparison_v1,3,audio_item_4,Opt_32,49,33166,
model_comparison_v1,3,audio_item_4,reference,100,33166,
model_comparison_v1,3,audio_item_4,Opt_256,23,33166,
model_comparison_v1,3,audio_item_4,Opt_128,24,33166,
model_comparison_v1,3,audio_item_4,Opt_64_dropout,57,33166,
model_comparison_v1,3,audio_item_5,Opt_128,11,23664,
model_comparison_v1,3,audio_item_5,Opt_256,25,23664,
model_comparison_v1,3,audio_item_5,Opt_32,29,23664,
model_comparison_v1,3,audio_item_5,reference,100,23664,
model_comparison_v1,3,audio_item_5,Opt_64_dropout,39,23664,
model_comparison_v1,3,audio_item_6,reference,100,18829,
model_comparison_v1,3,audio_item_6,Opt_256,28,18829,
model_comparison_v1,3,audio_item_6,Opt_128,48,18829,
model_comparison_v1,3,audio_item_6,Opt_64_dropout,47,18829,
model_comparison_v1,3,audio_item_6,Opt_32,52,18829,
model_comparison_v1,3,audio_item_7,Opt_128,37,30621,
model_comparison_v1,3,audio_item_7,Opt_64_dropout,45,30621,
model_comparison_v1,3,audio_item_7,reference,100,30621,
model_comparison_v1,3,audio_item_7,Opt_32,48,30621,
model_comparison_v1,3,audio_item_7,Opt_256,46,30621,
model_comparison_v1,3,audio_item_8,reference,100,17648,
model_comparison_v1,3,audio_item_8,Opt_32,18,17648,
model_comparison_v1,3,audio_item_8,Opt_128,23,17648,
model_comparison_v1,3,audio_item_8,Opt_256,28,17648,
model_comparison_v1,3,audio_item_8,Opt_64_dropout,42,17648,
model_comparison_v1,4,audio_item_1,Opt_128,47,84416,
model_comparison_v1,4,audio_item_1,reference,100,84416,
model_comparison_v1,4,audio_item_1,Opt_256,35,84416,
model_comparison_v1,4,audio_item_1,Opt_64_dropout,43,84416,
model_comparison_v1,4,audio_item_1,Opt_32,53,84416,
model_comparison_v1,4,audio_item_2,Opt_32,59,30976,
model_comparison_v1,4,audio_item_2,Opt_128,51,30976,
model_comparison_v1,4,audio_item_2,Opt_256,47,30976,
model_comparison_v1,4,audio_item_2,reference,100,30976,
model_comparison_v1,4,audio_item_2,Opt_64_dropout,63,30976,
model_comparison_v1,4,audio_item_3,Opt_64_dropout,41,38153,
model_comparison_v1,4,audio_item_3,Opt_256,35,38153,
model_comparison_v1,4,audio_item_3,Opt_128,44,38153,
model_comparison_v1,4,audio_item_3,reference,100,38153,
model_comparison_v1,4,audio_item_3,Opt_32,46,38153,
model_comparison_v1,4,audio_item_4,Opt_256,40,61404,
model_comparison_v1,4,audio_item_4,reference,100,61404,
model_comparison_v1,4,audio_item_4,Opt_64_dropout,48,61404,
model_comparison_v1,4,audio_item_4,Opt_128,35,61404,
model_comparison_v1,4,audio_item_4,Opt_32,36,61404,
model_comparison_v1,4,audio_item_5,Opt_128,44,25548,
model_comparison_v1,4,audio_item_5,reference,100,25548,
model_comparison_v1,4,audio_item_5,Opt_64_dropout,37,25548,
model_comparison_v1,4,audio_item_5,Opt_256,47,25548,
model_comparison_v1,4,audio_item_5,Opt_32,53,25548,
model_comparison_v1,4,audio_item_6,reference,100,22540,
model_comparison_v1,4,audio_item_6,Opt_128,58,22540,
model_comparison_v1,4,audio_item_6,Opt_32,45,22540,
model_comparison_v1,4,audio_item_6,Opt_64_dropout,53,22540,
model_comparison_v1,4,audio_item_6,Opt_256,40,22540,
model_comparison_v1,4,audio_item_7,reference,100,24953,
model_comparison_v1,4,audio_item_7,Opt_256,46,24953,
model_comparison_v1,4,audio_item_7,Opt_64_dropout,43,24953,
model_comparison_v1,4,audio_item_7,Opt_32,52,24953,
model_comparison_v1,4,audio_item_7,Opt_128,58,24953,
model_comparison_v1,4,audio_item_8,Opt_32,54,27244,
model_comparison_v1,4,audio_item_8,reference,100,27244,
model_comparison_v1,4,audio_item_8,Opt_64_dropout,58,27244,
model_comparison_v1,4,audio_item_8,Opt_128,60,27244,
model_comparison_v1,4,audio_item_8,Opt_256,56,27244,
model_comparison_v1,5,audio_item_1,Opt_128,42,134188,
model_comparison_v1,5,audio_item_1,Opt_64_dropout,60,134188,
model_comparison_v1,5,audio_item_1,Opt_32,60,134188,
model_comparison_v1,5,audio_item_1,Opt_256,63,134188,
model_comparison_v1,5,audio_item_1,reference,100,134188,
model_comparison_v1,5,audio_item_2,Opt_128,38,31662,
model_comparison_v1,5,audio_item_2,reference,100,31662,
model_comparison_v1,5,audio_item_2,Opt_32,41,31662,
model_comparison_v1,5,audio_item_2,Opt_256,41,31662,
model_comparison_v1,5,audio_item_2,Opt_64_dropout,39,31662,
model_comparison_v1,5,audio_item_3,Opt_32,42,21625,
model_comparison_v1,5,audio_item_3,reference,100,21625,
model_comparison_v1,5,audio_item_3,Opt_64_dropout,42,21625,
model_comparison_v1,5,audio_item_3,Opt_256,41,21625,
model_comparison_v1,5,audio_item_3,Opt_128,39,21625,
model_comparison_v1,5,audio_item_4,Opt_256,37,15370,
model_comparison_v1,5,audio_item_4,Opt_32,37,15370,
model_comparison_v1,5,audio_item_4,reference,100,15370,
model_comparison_v1,5,audio_item_4,Opt_64_dropout,38,15370,
model_comparison_v1,5,audio_item_4,Opt_128,38,15370,
model_comparison_v1,5,audio_item_5,reference,100,18258,
model_comparison_v1,5,audio_item_5,Opt_64_dropout,40,18258,
model_comparison_v1,5,audio_item_5,Opt_32,39,18258,
model_comparison_v1,5,audio_item_5,Opt_256,39,18258,
model_comparison_v1,5,audio_item_5,Opt_128,37,18258,
model_comparison_v1,5,audio_item_6,Opt_32,41,21110,
model_comparison_v1,5,audio_item_6,Opt_256,39,21110,
model_comparison_v1,5,audio_item_6,reference,100,21110,
model_comparison_v1,5,audio_item_6,Opt_128,40,21110,
model_comparison_v1,5,audio_item_6,Opt_64_dropout,40,21110,
model_comparison_v1,5,audio_item_7,Opt_128,42,36082,
model_comparison_v1,5,audio_item_7,reference,100,36082,
model_comparison_v1,5,audio_item_7,Opt_64_dropout,39,36082,
model_comparison_v1,5,audio_item_7,Opt_256,39,36082,
model_comparison_v1,5,audio_item_7,Opt_32,40,36082,
model_comparison_v1,5,audio_item_8,Opt_64_dropout,38,31541,
model_comparison_v1,5,audio_item_8,Opt_256,37,31541,
model_comparison_v1,5,audio_item_8,reference,100,31541,
model_comparison_v1,5,audio_item_8,Opt_32,39,31541,
model_comparison_v1,5,audio_item_8,Opt_128,41,31541,
model_comparison_v1,6,audio_item_1,Opt_128,20,65562,
model_comparison_v1,6,audio_item_1,Opt_256,44,65562,
model_comparison_v1,6,audio_item_1,Opt_64_dropout,44,65562,
model_comparison_v1,6,audio_item_1,Opt_32,55,65562,
model_comparison_v1,6,audio_item_1,reference,100,65562,
model_comparison_v1,6,audio_item_2,Opt_32,31,39759,
model_comparison_v1,6,audio_item_2,Opt_128,10,39759,
model_comparison_v1,6,audio_item_2,reference,100,39759,
model_comparison_v1,6,audio_item_2,Opt_256,18,39759,
model_comparison_v1,6,audio_item_2,Opt_64_dropout,44,39759,
model_comparison_v1,6,audio_item_3,Opt_128,29,54439,
model_comparison_v1,6,audio_item_3,Opt_256,40,54439,
model_comparison_v1,6,audio_item_3,reference,94,54439,
model_comparison_v1,6,audio_item_3,Opt_64_dropout,45,54439,
model_comparison_v1,6,audio_item_3,Opt_32,30,54439,
model_comparison_v1,6,audio_item_4,reference,100,107371,
model_comparison_v1,6,audio_item_4,Opt_256,53,107371,
model_comparison_v1,6,audio_item_4,Opt_128,18,107371,
model_comparison_v1,6,audio_item_4,Opt_32,43,107371,
model_comparison_v1,6,audio_item_4,Opt_64_dropout,9,107371,
model_comparison_v1,6,audio_item_5,Opt_128,2,88805,
model_comparison_v1,6,audio_item_5,Opt_64_dropout,23,88805,
model_comparison_v1,6,audio_item_5,Opt_256,41,88805,
model_comparison_v1,6,audio_item_5,Opt_32,44,88805,
model_comparison_v1,6,audio_item_5,reference,100,88805,
model_comparison_v1,6,audio_item_6,Opt_32,11,85312,
model_comparison_v1,6,audio_item_6,Opt_256,83,85312,
model_comparison_v1,6,audio_item_6,Opt_128,56,85312,
model_comparison_v1,6,audio_item_6,Opt_64_dropout,41,85312,
model_comparison_v1,6,audio_item_6,reference,100,85312,
model_comparison_v1,6,audio_item_7,Opt_256,37,52259,
model_comparison_v1,6,audio_item_7,Opt_64_dropout,35,52259,
model_comparison_v1,6,audio_item_7,Opt_128,12,52259,
model_comparison_v1,6,audio_item_7,Opt_32,27,52259,
model_comparison_v1,6,audio_item_7,reference,100,52259,
model_comparison_v1,6,audio_item_8,Opt_64_dropout,50,96804,
model_comparison_v1,6,audio_item_8,Opt_128,24,96804,
model_comparison_v1,6,audio_item_8,reference,100,96804,
model_comparison_v1,6,audio_item_8,Opt_32,62,96804,
model_comparison_v1,6,audio_item_8,Opt_256,16,96804,
model_comparison_v1,7,audio_item_1,Opt_32,8,104899,
model_comparison_v1,7,audio_item_1,Opt_128,56,104899,
model_comparison_v1,7,audio_item_1,Opt_256,20,104899,
model_comparison_v1,7,audio_item_1,reference,100,104899,
model_comparison_v1,7,audio_item_1,Opt_64_dropout,30,104899,
model_comparison_v1,7,audio_item_2,Opt_256,44,74310,
model_comparison_v1,7,audio_item_2,Opt_128,40,74310,
model_comparison_v1,7,audio_item_2,Opt_64_dropout,9,74310,
model_comparison_v1,7,audio_item_2,reference,100,74310,
model_comparison_v1,7,audio_item_2,Opt_32,45,74310,
model_comparison_v1,7,audio_item_3,reference,100,70401,
model_comparison_v1,7,audio_item_3,Opt_256,53,70401,
model_comparison_v1,7,audio_item_3,Opt_64_dropout,44,70401,
model_comparison_v1,7,audio_item_3,Opt_128,53,70401,
model_comparison_v1,7,audio_item_3,Opt_32,30,70401,
model_comparison_v1,7,audio_item_4,Opt_128,33,76632,
model_comparison_v1,7,audio_item_4,Opt_32,60,76632,
model_comparison_v1,7,audio_item_4,Opt_256,41,76632,
model_comparison_v1,7,audio_item_4,reference,100,76632,
model_comparison_v1,7,audio_item_4,Opt_64_dropout,50,76632,
model_comparison_v1,7,audio_item_5,Opt_64_dropout,44,29857,
model_comparison_v1,7,audio_item_5,reference,100,29857,
model_comparison_v1,7,audio_item_5,Opt_256,38,29857,
model_comparison_v1,7,audio_item_5,Opt_32,36,29857,
model_comparison_v1,7,audio_item_5,Opt_128,15,29857,
model_comparison_v1,7,audio_item_6,Opt_256,29,31181,
model_comparison_v1,7,audio_item_6,Opt_128,42,31181,
model_comparison_v1,7,audio_item_6,Opt_32,9,31181,
model_comparison_v1,7,audio_item_6,reference,95,31181,
model_comparison_v1,7,audio_item_6,Opt_64_dropout,61,31181,
model_comparison_v1,7,audio_item_7,Opt_32,10,146190,
model_comparison_v1,7,audio_item_7,Opt_128,38,146190,
model_comparison_v1,7,audio_item_7,Opt_256,39,146190,
model_comparison_v1,7,audio_item_7,reference,100,146190,
model_comparison_v1,7,audio_item_7,Opt_64_dropout,37,146190,
model_comparison_v1,7,audio_item_8,Opt_128,43,34560,
model_comparison_v1,7,audio_item_8,Opt_32,28,34560,
model_comparison_v1,7,audio_item_8,reference,100,34560,
model_comparison_v1,7,audio_item_8,Opt_256,12,34560,
model_comparison_v1,7,audio_item_8,Opt_64_dropout,29,34560,
model_comparison_v1,8,audio_item_1,Opt_128,59,123423,
model_comparison_v1,8,audio_item_1,Opt_32,34,123423,
model_comparison_v1,8,audio_item_1,Opt_256,29,123423,
model_comparison_v1,8,audio_item_1,Opt_64_dropout,45,123423,
model_comparison_v1,8,audio_item_1,reference,100,123423,
model_comparison_v1,8,audio_item_2,Opt_128,40,130878,
model_comparison_v1,8,audio_item_2,Opt_256,8,130878,
model_comparison_v1,8,audio_item_2,reference,100,130878,
model_comparison_v1,8,audio_item_2,Opt_32,23,130878,
model_comparison_v1,8,audio_item_2,Opt_64_dropout,47,130878,
model_comparison_v1,8,audio_item_3,reference,100,108276,
model_comparison_v1,8,audio_item_3,Opt_32,35,108276,
model_comparison_v1,8,audio_item_3,Opt_128,52,108276,
model_comparison_v1,8,audio_item_3,Opt_64_dropout,20,108276,
model_comparison_v1,8,audio_item_3,Opt_256,42,108276,
model_comparison_v1,8,audio_item_4,Opt_64_dropout,60,86502,
model_comparison_v1,8,audio_item_4,Opt_32,55,86502,
model_comparison_v1,8,audio_item_4,reference,100,86502,
model_comparison_v1,8,audio_item_4,Opt_128,28,86502,
model_comparison_v1,8,audio_item_4,Opt_256,21,86502,
model_comparison_v1,8,audio_item_5,Opt_128,52,109548,
model_comparison_v1,8,audio_item_5,reference,100,109548,
model_comparison_v1,8,audio_item_5,Opt_256,48,109548,
model_comparison_v1,8,audio_item_5,Opt_64_dropout,37,109548,
model_comparison_v1,8,audio_item_5,Opt_32,37,109548,
model_comparison_v1,8,audio_item_6,Opt_32,10,75537,
model_comparison_v1,8,audio_item_6,Opt_256,23,75537,
model_comparison_v1,8,audio_item_6,Opt_64_dropout,22,75537,
model_comparison_v1,8,audio_item_6,Opt_128,51,75537,
model_comparison_v1,8,audio_item_6,reference,100,75537,
model_comparison_v1,8,audio_item_7,Opt_32,36,129645,
model_comparison_v1,8,audio_item_7,Opt_256,23,129645,
model_comparison_v1,8,audio_item_7,reference,95,129645,
model_comparison_v1,8,audio_item_7,Opt_64_dropout,27,129645,
model_comparison_v1,8,audio_item_7,Opt_128,37,129645,
model_comparison_v1,8,audio_item_8,Opt_64_dropout,45,135426,
model_comparison_v1,8,audio_item_8,Opt_128,84,135426,
model_comparison_v1,8,audio_item_8,Opt_256,39,135426,
model_comparison_v1,8,audio_item_8,reference,93,135426,
model_comparison_v1,8,audio_item_8,Opt_32,39,135426,
model_comparison_v1,9,audio_item_1,Opt_128,21,112531,
model_comparison_v1,9,audio_item_1,Opt_256,47,112531,
model_comparison_v1,9,audio_item_1,reference,100,112531,
model_comparison_v1,9,audio_item_1,Opt_64_dropout,51,112531,
model_comparison_v1,9,audio_item_1,Opt_32,47,112531,
model_comparison_v1,9,audio_item_2,Opt_256,36,145088,
model_comparison_v1,9,audio_item_2,reference,100,145088,
model_comparison_v1,9,audio_item_2,Opt_32,34,145088,
model_comparison_v1,9,audio_item_2,Opt_64_dropout,25,145088,
model_comparison_v1,9,audio_item_2,Opt_128,30,145088,
model_comparison_v1,9,audio_item_3,Opt_128,49,90168,
model_comparison_v1,9,audio_item_3,Opt_64_dropout,23,90168,
model_comparison_v1,9,audio_item_3,reference,93,90168,
model_comparison_v1,9,audio_item_3,Opt_32,28,90168,
model_comparison_v1,9,audio_item_3,Opt_256,18,90168,
model_comparison_v1,9,audio_item_4,reference,94,129570,
model_comparison_v1,9,audio_item_4,Opt_64_dropout,12,129570,
model_comparison_v1,9,audio_item_4,Opt_256,47,129570,
model_comparison_v1,9,audio_item_4,Opt_32,16,129570,
model_comparison_v1,9,audio_item_4,Opt_128,30,129570,
model_comparison_v1,9,audio_item_5,reference,94,97554,
model_comparison_v1,9,audio_item_5,Opt_128,47,97554,
model_comparison_v1,9,audio_item_5,Opt_32,37,97554,
model_comparison_v1,9,audio_item_5,Opt_256,24,97554,
model_comparison_v1,9,audio_item_5,Opt_64_dropout,41,97554,
model_comparison_v1,9,audio_item_6,reference,100,74194,
model_comparison_v1,9,audio_item_6,Opt_64_dropout,33,74194,
model_comparison_v1,9,audio_item_6,Opt_256,49,74194,
model_comparison_v1,9,audio_item_6,Opt_128,5,74194,
model_comparison_v1,9,audio_item_6,Opt_32,46,74194,
model_comparison_v1,9,audio_item_7,Opt_256,84,126762,
model_comparison_v1,9,audio_item_7,Opt_32,68,126762,
model_comparison_v1,9,audio_item_7,Opt_128,61,126762,
model_comparison_v1,9,audio_item_7,reference,100,126762,
model_comparison_v1,9,audio_item_7,Opt_64_dropout,40,126762,
model_comparison_v1,9,audio_item_8,Opt_256,46,58599,
model_comparison_v1,9,audio_item_8,reference,100,58599,
model_comparison_v1,9,audio_item_8,Opt_32,38,58599,
model_comparison_v1,9,audio_item_8,Opt_64_dropout,47,58599,
model_comparison_v1,9,audio_item_8,Opt_128,53,58599,
model_comparison_v1,10,audio_item_1,Opt_64_dropout,45,70208,
model_comparison_v1,10,audio_item_1,Opt_32,15,70208,
model_comparison_v1,10,audio_item_1,Opt_128,54,70208,
model_comparison_v1,10,audio_item_1,reference,100,70208,
model_comparison_v1,10,audio_item_1,Opt_256,45,70208,
model_comparison_v1,10,audio_item_2,Opt_128,66,97582,
model_comparison_v1,10,audio_item_2,reference,100,97582,
model_comparison_v1,10,audio_item_2,Opt_256,32,97582,
model_comparison_v1,10,audio_item_2,Opt_64_dropout,35,97582,
model_comparison_v1,10,audio_item_2,Opt_32,30,97582,
model_comparison_v1,10,audio_item_3,Opt_128,0,147233,
model_comparison_v1,10,audio_item_3,Opt_32,24,147233,
model_comparison_v1,10,audio_item_3,Opt_256,33,147233,
model_comparison_v1,10,audio_item_3,Opt_64_dropout,20,147233,
model_comparison_v1,10,audio_item_3,reference,100,147233,
model_comparison_v1,10,audio_item_4,Opt_128,15,100737,
model_comparison_v1,10,audio_item_4,reference,100,100737,
model_comparison_v1,10,audio_item_4,Opt_32,75,100737,
model_comparison_v1,10,audio_item_4,Opt_64_dropout,46,100737,
model_comparison_v1,10,audio_item_4,Opt_256,55,100737,
model_comparison_v1,10,audio_item_5,Opt_64_dropout,10,36996,
model_comparison_v1,10,audio_item_5,reference,100,36996,
model_comparison_v1,10,audio_item_5,Opt_32,30,36996,
model_comparison_v1,10,audio_item_5,Opt_128,73,36996,
model_comparison_v1,10,audio_item_5,Opt_256,51,36996,
model_comparison_v1,10,audio_item_6,Opt_32,41,67123,
model_comparison_v1,10,audio_item_6,reference,100,67123,
model_comparison_v1,10,audio_item_6,Opt_256,26,67123,
model_comparison_v1,10,audio_item_6,Opt_64_dropout,36,67123,
model_comparison_v1,10,audio_item_6,Opt_128,30,67123,
model_comparison_v1,10,audio_item_7,Opt_32,30,129058,
model_comparison_v1,10,audio_item_7,Opt_128,32,129058,
model_comparison_v1,10,audio_item_7,Opt_64_dropout,54,129058,
model_comparison_v1,10,audio_item_7,reference,100,129058,
model_comparison_v1,10,audio_item_7,Opt_256,44,129058,
model_comparison_v1,10,audio_item_8,Opt_32,48,123469,
model_comparison_v1,10,audio_item_8,reference,100,123469,
model_comparison_v1,10,audio_item_8,Opt_256,49,123469,
model_comparison_v1,10,audio_item_8,Opt_64_dropout,39,123469,
model_comparison_v1,10,audio_item_8,Opt_128,40,123469,
model_comparison_v1,11,audio_item_1,Opt_256,53,65222,
model_comparison_v1,11,audio_item_1,Opt_32,52,65222,
model_comparison_v1,11,audio_item_1,Opt_128,60,65222,
model_comparison_v1,11,audio_item_1,Opt_64_dropout,40,65222,
model_comparison_v1,11,audio_item_1,reference,100,65222,
model_comparison_v1,11,audio_item_2,Opt_256,32,67542,
model_comparison_v1,11,audio_item_2,Opt_32,35,67542,
model_comparison_v1,11,audio_item_2,reference,100,67542,
model_comparison_v1,11,audio_item_2,Opt_128,70,67542,
model_comparison_v1,11,audio_item_2,Opt_64_dropout,56,67542,
model_comparison_v1,11,audio_item_3,reference,100,75540,
model_comparison_v1,11,audio_item_3,Opt_256,53,75540,
model_comparison_v1,11,audio_item_3,Opt_128,49,75540,
model_comparison_v1,11,audio_item_3,Opt_64_dropout,49,75540,
model_comparison_v1,11,audio_item_3,Opt_32,39,75540,
model_comparison_v1,11,audio_item_4,reference,95,22770,
model_comparison_v1,11,audio_item_4,Opt_64_dropout,68,22770,
model_comparison_v1,11,audio_item_4,Opt_32,46,22770,
model_comparison_v1,11,audio_item_4,Opt_128,40,22770,
model_comparison_v1,11,audio_item_4,Opt_256,39,22770,
model_comparison_v1,11,audio_item_5,Opt_32,48,128194,
model_comparison_v1,11,audio_item_5,Opt_128,53,128194,
model_comparison_v1,11,audio_item_5,Opt_256,60,128194,
model_comparison_v1,11,audio_item_5,Opt_64_dropout,32,128194,
model_comparison_v1,11,audio_item_5,reference,100,128194,
model_comparison_v1,11,audio_item_6,Opt_32,60,26272,
model_comparison_v1,11,audio_item_6,Opt_128,53,26272,
model_comparison_v1,11,audio_item_6,Opt_256,34,26272,
model_comparison_v1,11,audio_item_6,Opt_64_dropout,39,26272,
model_comparison_v1,11,audio_item_6,reference,95,26272,
model_comparison_v1,11,audio_item_7,Opt_128,59,16532,
model_comparison_v1,11,audio_item_7,Opt_32,51,16532,
model_comparison_v1,11,audio_item_7,reference,100,16532,
model_comparison_v1,11,audio_item_7,Opt_256,39,16532,
model_comparison_v1,11,audio_item_7,Opt_64_dropout,17,16532,
model_comparison_v1,11,audio_item_8,Opt_128,24,132260,
model_comparison_v1,11,audio_item_8,Opt_32,40,132260,
model_comparison_v1,11,audio_item_8,Opt_64_dropout,46,132260,
model_comparison_v1,11,audio_item_8,Opt_256,32,132260,
model_comparison_v1,11,audio_item_8,reference,100,132260,
model_comparison_v1,12,audio_item_1,Opt_256,38,139826,
model_comparison_v1,12,audio_item_1,reference,100,139826,
model_comparison_v1,12,audio_item_1,Opt_32,62,139826,
model_comparison_v1,12,audio_item_1,Opt_128,54,139826,
model_comparison_v1,12,audio_item_1,Opt_64_dropout,73,139826,
model_comparison_v1,12,audio_item_2,reference,100,93882,
model_comparison_v1,12,audio_item_2,Opt_64_dropout,37,93882,
model_comparison_v1,12,audio_item_2,Opt_256,26,93882,
model_comparison_v1,12,audio_item_2,Opt_32,35,93882,
model_comparison_v1,12,audio_item_2,Opt_128,26,93882,
model_comparison_v1,12,audio_item_3,Opt_128,26,37906,
model_comparison_v1,12,audio_item_3,Opt_256,19,37906,
model_comparison_v1,12,audio_item_3,Opt_64_dropout,42,37906,
model_comparison_v1,12,audio_item_3,Opt_32,35,37906,
model_comparison_v1,12,audio_item_3,reference,100,37906,
model_comparison_v1,12,audio_item_4,Opt_256,27,110821,
model_comparison_v1,12,audio_item_4,Opt_128,32,110821,
model_comparison_v1,12,audio_item_4,Opt_32,69,110821,
model_comparison_v1,12,audio_item_4,Opt_64_dropout,42,110821,
model_comparison_v1,12,audio_item_4,reference,100,110821,
model_comparison_v1,12,audio_item_5,Opt_256,36,54955,
model_comparison_v1,12,audio_item_5,reference,100,54955,
model_comparison_v1,12,audio_item_5,Opt_128,50,54955,
model_comparison_v1,12,audio_item_5,Opt_32,38,54955,
model_comparison_v1,12,audio_item_5,Opt_64_dropout,44,54955,
model_comparison_v1,12,audio_item_6,Opt_128,49,111818,
model_comparison_v1,12,audio_item_6,Opt_32,60,111818,
model_comparison_v1,12,audio_item_6,Opt_256,12,111818,
model_comparison_v1,12,audio_item_6,Opt_64_dropout,42,111818,
model_comparison_v1,12,audio_item_6,reference,100,111818,
model_comparison_v1,12,audio_item_7,Opt_32,16,134149,
model_comparison_v1,12,audio_item_7,reference,100,134149,
model_comparison_v1,12,audio_item_7,Opt_64_dropout,33,134149,
model_comparison_v1,12,audio_item_7,Opt_256,41,134149,
model_comparison_v1,12,audio_item_7,Opt_128,48,134149,
model_comparison_v1,12,audio_item_8,Opt_32,30,112185,
model_comparison_v1,12,audio_item_8,reference,100,112185,
model_comparison_v1,12,audio_item_8,Opt_256,40,112185,
model_comparison_v1,12,audio_item_8,Opt_64_dropout,34,112185,
model_comparison_v1,12,audio_item_8,Opt_128,34,112185,
model_comparison_v1,13,audio_item_1,reference,100,66037,
model_comparison_v1,13,audio_item_1,Opt_128,35,66037,
model_comparison_v1,13,audio_item_1,Opt_64_dropout,63,66037,
model_comparison_v1,13,audio_item_1,Opt_32,24,66037,
model_comparison_v1,13,audio_item_1,Opt_256,43,66037,
model_comparison_v1,13,audio_item_2,Opt_32,32,115403,
model_comparison_v1,13,audio_item_2,Opt_128,47,115403,
model_comparison_v1,13,audio_item_2,Opt_256,58,115403,
model_comparison_v1,13,audio_item_2,Opt_64_dropout,53,115403,
model_comparison_v1,13,audio_item_2,reference,100,115403,
model_comparison_v1,13,audio_item_3,Opt_256,51,75727,
model_comparison_v1,13,audio_item_3,reference,100,75727,
model_comparison_v1,13,audio_item_3,Opt_32,49,75727,
model_comparison_v1,13,audio_item_3,Opt_128,42,75727,
model_comparison_v1,13,audio_item_3,Opt_64_dropout,42,75727,
model_comparison_v1,13,audio_item_4,Opt_32,38,103239,
model_comparison_v1,13,audio_item_4,Opt_256,53,103239,
model_comparison_v1,13,audio_item_4,Opt_128,46,103239,
model_comparison_v1,13,audio_item_4,reference,100,103239,
model_comparison_v1,13,audio_item_4,Opt_64_dropout,39,103239,
model_comparison_v1,13,audio_item_5,Opt_256,31,52934,
model_comparison_v1,13,audio_item_5,Opt_64_dropout,43,52934,
model_comparison_v1,13,audio_item_5,Opt_128,29,52934,
model_comparison_v1,13,audio_item_5,Opt_32,33,52934,
model_comparison_v1,13,audio_item_5,reference,100,52934,
model_comparison_v1,13,audio_item_6,reference,100,47006,
model_comparison_v1,13,audio_item_6,Opt_64_dropout,50,47006,
model_comparison_v1,13,audio_item_6,Opt_128,19,47006,
model_comparison_v1,13,audio_item_6,Opt_32,38,47006,
model_comparison_v1,13,audio_item_6,Opt_256,58,47006,
model_comparison_v1,13,audio_item_7,reference,100,60995,
model_comparison_v1,13,audio_item_7,Opt_32,29,60995,
model_comparison_v1,13,audio_item_7,Opt_256,38,60995,
model_comparison_v1,13,audio_item_7,Opt_128,25,60995,
model_comparison_v1,13,audio_item_7,Opt_64_dropout,36,60995,
model_comparison_v1,13,audio_item_8,Opt_128,34,55474,
model_comparison_v1,13,audio_item_8,Opt_32,23,55474,
model_comparison_v1,13,audio_item_8,Opt_256,21,55474,
model_comparison_v1,13,audio_item_8,Opt_64_dropout,34,55474,
model_comparison_v1,13,audio_item_8,reference,100,55474,
model_comparison_v1,14,audio_item_1,reference,95,95750,
model_comparison_v1,14,audio_item_1,Opt_128,31,95750,
model_comparison_v1,14,audio_item_1,Opt_32,38,95750,
model_comparison_v1,14,audio_item_1,Opt_256,12,95750,
model_comparison_v1,14,audio_item_1,Opt_64_dropout,64,95750,
model_comparison_v1,14,audio_item_2,Opt_32,23,56549,
model_comparison_v1,14,audio_item_2,Opt_64_dropout,13,56549,
model_comparison_v1,14,audio_item_2,Opt_128,68,56549,
model_comparison_v1,14,audio_item_2,reference,100,56549,
model_comparison_v1,14,audio_item_2,Opt_256,31,56549,
model_comparison_v1,14,audio_item_3,Opt_32,49,122906,
model_comparison_v1,14,audio_item_3,Opt_128,28,122906,
model_comparison_v1,14,audio_item_3,reference,100,122906,
model_comparison_v1,14,audio_item_3,Opt_256,41,122906,
model_comparison_v1,14,audio_item_3,Opt_64_dropout,53,122906,
model_comparison_v1,14,audio_item_4,Opt_32,48,131061,
model_comparison_v1,14,audio_item_4,Opt_256,17,131061,
model_comparison_v1,14,audio_item_4,Opt_64_dropout,22,131061,
model_comparison_v1,14,audio_item_4,Opt_128,32,131061,
model_comparison_v1,14,audio_item_4,reference,100,131061,
model_comparison_v1,14,audio_item_5,Opt_256,66,66699,
model_comparison_v1,14,audio_item_5,Opt_64_dropout,51,66699,
model_comparison_v1,14,audio_item_5,Opt_32,25,66699,
model_comparison_v1,14,audio_item_5,reference,100,66699,
model_comparison_v1,14,audio_item_5,Opt_128,49,66699,
model_comparison_v1,14,audio_item_6,Opt_64_dropout,42,75239,
model_comparison_v1,14,audio_item_6,reference,96,75239,
model_comparison_v1,14,audio_item_6,Opt_256,36,75239,
model_comparison_v1,14,audio_item_6,Opt_128,19,75239,
model_comparison_v1,14,audio_item_6,Opt_32,58,75239,
model_comparison_v1,14,audio_item_7,reference,100,26879,
model_comparison_v1,14,audio_item_7,Opt_32,32,26879,
model_comparison_v1,14,audio_item_7,Opt_128,29,26879,
model_comparison_v1,14,audio_item_7,Opt_64_dropout,11,26879,
model_comparison_v1,14,audio_item_7,Opt_256,41,26879,
model_comparison_v1,14,audio_item_8,Opt_128,66,134375,
model_comparison_v1,14,audio_item_8,Opt_32,47,134375,
model_comparison_v1,14,audio_item_8,Opt_64_dropout,17,134375,
model_comparison_v1,14,audio_item_8,reference,100,134375,
model_comparison_v1,14,audio_item_8,Opt_256,49,134375,
model_comparison_v1,15,audio_item_1,reference,100,105342,
model_comparison_v1,15,audio_item_1,Opt_256,12,105342,
model_comparison_v1,15,audio_item_1,Opt_128,44,105342,
model_comparison_v1,15,audio_item_1,Opt_64_dropout,23,105342,
model_comparison_v1,15,audio_item_1,Opt_32,26,105342,
model_comparison_v1,15,audio_item_2,Opt_64_dropout,42,126131,
model_comparison_v1,15,audio_item_2,Opt_128,52,126131,
model_comparison_v1,15,audio_item_2,reference,100,126131,
model_comparison_v1,15,audio_item_2,Opt_256,66,126131,
model_comparison_v1,15,audio_item_2,Opt_32,15,126131,
model_comparison_v1,15,audio_item_3,Opt_32,34,57077,
model_comparison_v1,15,audio_item_3,Opt_64_dropout,10,57077,
model_comparison_v1,15,audio_item_3,Opt_128,55,57077,
model_comparison_v1,15,audio_item_3,reference,100,57077,
model_comparison_v1,15,audio_item_3,Opt_256,23,57077,
model_comparison_v1,15,audio_item_4,Opt_64_dropout,68,91325,
model_comparison_v1,15,audio_item_4,Opt_32,26,91325,
model_comparison_v1,15,audio_item_4,reference,100,91325,
model_comparison_v1,15,audio_item_4,Opt_256,28,91325,
model_comparison_v1,15,audio_item_4,Opt_128,56,91325,
model_comparison_v1,15,audio_item_5,Opt_256,51,76834,
model_comparison_v1,15,audio_item_5,reference,100,76834,
model_comparison_v1,15,audio_item_5,Opt_128,68,76834,
model_comparison_v1,15,audio_item_5,Opt_32,49,76834,
model_comparison_v1,15,audio_item_5,Opt_64_dropout,64,76834,
model_comparison_v1,15,audio_item_6,Opt_64_dropout,20,53951,
model_comparison_v1,15,audio_item_6,Opt_32,22,53951,
model_comparison_v1,15,audio_item_6,reference,100,53951,
model_comparison_v1,15,audio_item_6,Opt_256,11,53951,
model_comparison_v1,15,audio_item_6,Opt_128,40,53951,
model_comparison_v1,15,audio_item_7,reference,95,49168,
model_comparison_v1,15,audio_item_7,Opt_32,60,49168,
model_comparison_v1,15,audio_item_7,Opt_256,20,49168,
model_comparison_v1,15,audio_item_7,Opt_128,29,49168,
model_comparison_v1,15,audio_item_7,Opt_64_dropout,48,49168,
model_comparison_v1,15,audio_item_8,reference,100,81687,
model_comparison_v1,15,audio_item_8,Opt_32,54,81687,
model_comparison_v1,15,audio_item_8,Opt_128,49,81687,
model_comparison_v1,15,audio_item_8,Opt_64_dropout,42,81687,
model_comparison_v1,15,audio_item_8,Opt_256,20,81687,
model_comparison_v1,16,audio_item_1,Opt_64_dropout,55,82808,
model_comparison_v1,16,audio_item_1,Opt_256,56,82808,
model_comparison_v1,16,audio_item_1,Opt_32,61,82808,
model_comparison_v1,16,audio_item_1,Opt_128,55,82808,
model_comparison_v1,16,audio_item_1,reference,92,82808,
model_comparison_v1,16,audio_item_2,Opt_128,43,61668,
model_comparison_v1,16,audio_item_2,reference,92,61668,
model_comparison_v1,16,audio_item_2,Opt_64_dropout,63,61668,
model_comparison_v1,16,audio_item_2,Opt_256,50,61668,
model_comparison_v1,16,audio_item_2,Opt_32,39,61668,
model_comparison_v1,16,audio_item_3,Opt_128,35,35702,
model_comparison_v1,16,audio_item_3,Opt_32,40,35702,
model_comparison_v1,16,audio_item_3,Opt_256,72,35702,
model_comparison_v1,16,audio_item_3,Opt_64_dropout,49,35702,
model_comparison_v1,16,audio_item_3,reference,100,35702,
model_comparison_v1,16,audio_item_4,reference,100,35592,
model_comparison_v1,16,audio_item_4,Opt_128,65,35592,
model_comparison_v1,16,audio_item_4,Opt_256,28,35592,
model_comparison_v1,16,audio_item_4,Opt_32,24,35592,
model_comparison_v1,16,audio_item_4,Opt_64_dropout,38,35592,
model_comparison_v1,16,audio_item_5,reference,94,147953,
model_comparison_v1,16,audio_item_5,Opt_128,20,147953,
model_comparison_v1,16,audio_item_5,Opt_32,48,147953,
model_comparison_v1,16,audio_item_5,Opt_256,11,147953,
model_comparison_v1,16,audio_item_5,Opt_64_dropout,61,147953,
model_comparison_v1,16,audio_item_6,Opt_32,29,42753,
model_comparison_v1,16,audio_item_6,Opt_64_dropout,36,42753,
model_comparison_v1,16,audio_item_6,Opt_256,19,42753,
model_comparison_v1,16,audio_item_6,reference,92,42753,
model_comparison_v1,16,audio_item_6,Opt_128,0,42753,
model_comparison_v1,16,audio_item_7,Opt_256,47,138991,
model_comparison_v1,16,audio_item_7,Opt_128,13,138991,
model_comparison_v1,16,audio_item_7,Opt_64_dropout,56,138991,
model_comparison_v1,16,audio_item_7,reference,100,138991,
model_comparison_v1,16,audio_item_7,Opt_32,26,138991,
model_comparison_v1,16,audio_item_8,Opt_64_dropout,28,43711,
model_comparison_v1,16,audio_item_8,Opt_256,81,43711,
model_comparison_v1,16,audio_item_8,reference,92,43711,
model_comparison_v1,16,audio_item_8,Opt_32,41,43711,
model_comparison_v1,16,audio_item_8,Opt_128,57,43711,
model_comparison_v1,17,audio_item_1,Opt_32,28,39902,
model_comparison_v1,17,audio_item_1,Opt_256,51,39902,
model_comparison_v1,17,audio_item_1,reference,100,39902,
model_comparison_v1,17,audio_item_1,Opt_64_dropout,42,39902,
model_comparison_v1,17,audio_item_1,Opt_128,81,39902,
model_comparison_v1,17,audio_item_2,Opt_128,20,23870,
model_comparison_v1,17,audio_item_2,Opt_64_dropout,16,23870,
model_comparison_v1,17,audio_item_2,Opt_256,91,23870,
model_comparison_v1,17,audio_item_2,reference,100,23870,
model_comparison_v1,17,audio_item_2,Opt_32,39,23870,
model_comparison_v1,17,audio_item_3,Opt_256,10,28902,
model_comparison_v1,17,audio_item_3,Opt_128,25,28902,
model_comparison_v1,17,audio_item_3,Opt_64_dropout,22,28902,
model_comparison_v1,17,audio_item_3,Opt_32,66,28902,
model_comparison_v1,17,audio_item_3,reference,100,28902,
model_comparison_v1,17,audio_item_4,Opt_256,62,18657,
model_comparison_v1,17,audio_item_4,Opt_128,81,18657,
model_comparison_v1,17,audio_item_4,reference,100,18657,
model_comparison_v1,17,audio_item_4,Opt_64_dropout,52,18657,
model_comparison_v1,17,audio_item_4,Opt_32,11,18657,
model_comparison_v1,17,audio_item_5,reference,100,134807,
model_comparison_v1,17,audio_item_5,Opt_128,23,134807,
model_comparison_v1,17,audio_item_5,Opt_256,42,134807,
model_comparison_v1,17,audio_item_5,Opt_32,43,134807,
model_comparison_v1,17,audio_item_5,Opt_64_dropout,65,134807,
model_comparison_v1,17,audio_item_6,Opt_64_dropout,24,42672,
model_comparison_v1,17,audio_item_6,Opt_128,50,42672,
model_comparison_v1,17,audio_item_6,reference,100,42672,
model_comparison_v1,17,audio_item_6,Opt_32,60,42672,
model_comparison_v1,17,audio_item_6,Opt_256,56,42672,
model_comparison_v1,17,audio_item_7,Opt_128,31,137934,
model_comparison_v1,17,audio_item_7,Opt_256,58,137934,
model_comparison_v1,17,audio_item_7,Opt_32,58,137934,
model_comparison_v1,17,audio_item_7,Opt_64_dropout,29,137934,
model_comparison_v1,17,audio_item_7,reference,100,137934,
model_comparison_v1,17,audio_item_8,Opt_32,34,44633,
model_comparison_v1,17,audio_item_8,Opt_64_dropout,44,44633,
model_comparison_v1,17,audio_item_8,Opt_128,39,44633,
model_comparison_v1,17,audio_item_8,reference,93,44633,
model_comparison_v1,17,audio_item_8,Opt_256,35,44633,
model_comparison_v1,18,audio_item_1,Opt_32,27,80445,
model_comparison_v1,18,audio_item_1,Opt_64_dropout,65,80445,
model_comparison_v1,18,audio_item_1,reference,100,80445,
model_comparison_v1,18,audio_item_1,Opt_256,14,80445,
model_comparison_v1,18,audio_item_1,Opt_128,21,80445,
model_comparison_v1,18,audio_item_2,reference,100,136577,
model_comparison_v1,18,audio_item_2,Opt_64_dropout,41,136577,
model_comparison_v1,18,audio_item_2,Opt_128,60,136577,
model_comparison_v1,18,audio_item_2,Opt_32,39,136577,
model_comparison_v1,18,audio_item_2,Opt_256,64,136577,
model_comparison_v1,18,audio_item_3,Opt_64_dropout,31,24068,
model_comparison_v1,18,audio_item_3,Opt_32,44,24068,
model_comparison_v1,18,audio_item_3,Opt_256,29,24068,
model_comparison_v1,18,audio_item_3,Opt_128,28,24068,
model_comparison_v1,18,audio_item_3,reference,100,24068,
model_comparison_v1,18,audio_item_4,Opt_256,20,48848,
model_comparison_v1,18,audio_item_4,Opt_32,58,48848,
model_comparison_v1,18,audio_item_4,Opt_64_dropout,44,48848,
model_comparison_v1,18,audio_item_4,Opt_128,62,48848,
model_comparison_v1,18,audio_item_4,reference,100,48848,
model_comparison_v1,18,audio_item_5,Opt_32,36,71974,
model_comparison_v1,18,audio_item_5,Opt_128,58,71974,
model_comparison_v1,18,audio_item_5,reference,100,71974,
model_comparison_v1,18,audio_item_5,Opt_64_dropout,46,71974,
model_comparison_v1,18,audio_item_5,Opt_256,48,71974,
model_comparison_v1,18,audio_item_6,Opt_32,42,68547,
model_comparison_v1,18,audio_item_6,Opt_256,26,68547,
model_comparison_v1,18,audio_item_6,Opt_128,40,68547,
model_comparison_v1,18,audio_item_6,Opt_64_dropout,79,68547,
model_comparison_v1,18,audio_item_6,reference,100,68547,
model_comparison_v1,18,audio_item_7,Opt_64_dropout,42,60122,
model_comparison_v1,18,audio_item_7,Opt_32,34,60122,
model_comparison_v1,18,audio_item_7,Opt_128,71,60122,
model_comparison_v1,18,audio_item_7,reference,100,60122,
model_comparison_v1,18,audio_item_7,Opt_256,8,60122,
model_comparison_v1,18,audio_item_8,Opt_128,32,125578,
model_comparison_v1,18,audio_item_8,Opt_256,57,125578,
model_comparison_v1,18,audio_item_8,Opt_32,30,125578,
model_comparison_v1,18,audio_item_8,Opt_64_dropout,43,125578,
model_comparison_v1,18,audio_item_8,reference,100,125578,
model_comparison_v1,19,audio_item_1,Opt_256,53,26705,
model_comparison_v1,19,audio_item_1,Opt_128,54,26705,
model_comparison_v1,19,audio_item_1,reference,100,26705,
model_comparison_v1,19,audio_item_1,Opt_64_dropout,40,26705,
model_comparison_v1,19,audio_item_1,Opt_32,44,26705,
model_comparison_v1,19,audio_item_2,Opt_32,51,108578,
model_comparison_v1,19,audio_item_2,Opt_64_dropout,41,108578,
model_comparison_v1,19,audio_item_2,Opt_256,27,108578,
model_comparison_v1,19,audio_item_2,reference,91,108578,
model_comparison_v1,19,audio_item_2,Opt_128,34,108578,
model_comparison_v1,19,audio_item_3,Opt_64_dropout,39,31270,
model_comparison_v1,19,audio_item_3,reference,100,31270,
model_comparison_v1,19,audio_item_3,Opt_256,38,31270,
model_comparison_v1,19,audio_item_3,Opt_32,40,31270,
model_comparison_v1,19,audio_item_3,Opt_128,54,31270,
model_comparison_v1,19,audio_item_4,reference,100,19996,
model_comparison_v1,19,audio_item_4,Opt_256,39,19996,
model_comparison_v1,19,audio_item_4,Opt_128,55,19996,
model_comparison_v1,19,audio_item_4,Opt_64_dropout,7,19996,
model_comparison_v1,19,audio_item_4,Opt_32,20,19996,
model_comparison_v1,19,audio_item_5,Opt_32,55,92277,
model_comparison_v1,19,audio_item_5,Opt_256,9,92277,
model_comparison_v1,19,audio_item_5,reference,100,92277,
model_comparison_v1,19,audio_item_5,Opt_64_dropout,53,92277,
model_comparison_v1,19,audio_item_5,Opt_128,40,92277,
model_comparison_v1,19,audio_item_6,Opt_128,56,141774,
model_comparison_v1,19,audio_item_6,Opt_256,61,141774,
model_comparison_v1,19,audio_item_6,Opt_64_dropout,29,141774,
model_comparison_v1,19,audio_item_6,reference,100,141774,
model_comparison_v1,19,audio_item_6,Opt_32,2,141774,
model_comparison_v1,19,audio_item_7,reference,100,99713,
model_comparison_v1,19,audio_item_7,Opt_256,25,99713,
model_comparison_v1,19,audio_item_7,Opt_128,67,99713,
model_comparison_v1,19,audio_item_7,Opt_32,42,99713,
model_comparison_v1,19,audio_item_7,Opt_64_dropout,39,99713,
model_comparison_v1,19,audio_item_8,Opt_128,36,55095,
model_comparison_v1,19,audio_item_8,Opt_32,15,55095,
model_comparison_v1,19,audio_item_8,reference,100,55095,
model_comparison_v1,19,audio_item_8,Opt_64_dropout,36,55095,
model_comparison_v1,19,audio_item_8,Opt_256,21,55095,
model_comparison_v1,20,audio_item_1,Opt_64_dropout,48,31799,
model_comparison_v1,20,audio_item_1,reference,93,31799,
model_comparison_v1,20,audio_item_1,Opt_128,52,31799,
model_comparison_v1,20,audio_item_1,Opt_256,42,31799,
model_comparison_v1,20,audio_item_1,Opt_32,37,31799,
model_comparison_v1,20,audio_item_2,Opt_64_dropout,29,128106,
model_comparison_v1,20,audio_item_2,Opt_256,25,128106,
model_comparison_v1,20,audio_item_2,Opt_128,30,128106,
model_comparison_v1,20,audio_item_2,Opt_32,30,128106,
model_comparison_v1,20,audio_item_2,reference,100,128106,
model_comparison_v1,20,audio_item_3,Opt_32,41,120243,
model_comparison_v1,20,audio_item_3,Opt_64_dropout,16,120243,
model_comparison_v1,20,audio_item_3,Opt_256,50,120243,
model_comparison_v1,20,audio_item_3,Opt_128,79,120243,
model_comparison_v1,20,audio_item_3,reference,100,120243,
model_comparison_v1,20,audio_item_4,reference,92,81310,
model_comparison_v1,20,audio_item_4,Opt_256,81,81310,
model_comparison_v1,20,audio_item_4,Opt_32,29,81310,
model_comparison_v1,20,audio_item_4,Opt_64_dropout,5,81310,
model_comparison_v1,20,audio_item_4,Opt_128,24,81310,
model_comparison_v1,20,audio_item_5,Opt_256,47,51849,
model_comparison_v1,20,audio_item_5,Opt_64_dropout,36,51849,
model_comparison_v1,20,audio_item_5,Opt_32,26,51849,
model_comparison_v1,20,audio_item_5,Opt_128,54,51849,
model_comparison_v1,20,audio_item_5,reference,100,51849,
model_comparison_v1,20,audio_item_6,Opt_32,41,86901,
model_comparison_v1,20,audio_item_6,Opt_256,0,86901,
model_comparison_v1,20,audio_item_6,Opt_128,24,86901,
model_comparison_v1,20,audio_item_6,Opt_64_dropout,58,86901,
model_comparison_v1,20,audio_item_6,reference,100,86901,
model_comparison_v1,20,audio_item_7,reference,100,61954,
model_comparison_v1,20,audio_item_7,Opt_128,32,61954,
model_comparison_v1,20,audio_item_7,Opt_32,48,61954,
model_comparison_v1,20,audio_item_7,Opt_64_dropout,57,61954,
model_comparison_v1,20,audio_item_7,Opt_256,53,61954,
model_comparison_v1,20,audio_item_8,reference,100,109158,
model_comparison_v1,20,audio_item_8,Opt_128,28,109158,
model_comparison_v1,20,audio_item_8,Opt_32,47,109158,
model_comparison_v1,20,audio_item_8,Opt_64_dropout,34,109158,
model_comparison_v1,20,audio_item_8,Opt_256,21,109158,
model_comparison_v1,21,audio_item_1,Opt_128,25,115373,
model_comparison_v1,21,audio_item_1,Opt_32,53,115373,
model_comparison_v1,21,audio_item_1,reference,100,115373,
model_comparison_v1,21,audio_item_1,Opt_64_dropout,10,115373,
model_comparison_v1,21,audio_item_1,Opt_256,32,115373,
model_comparison_v1,21,audio_item_2,Opt_64_dropout,26,16224,
model_comparison_v1,21,audio_item_2,Opt_128,42,16224,
model_comparison_v1,21,audio_item_2,Opt_256,68,16224,
model_comparison_v1,21,audio_item_2,Opt_32,38,16224,
model_comparison_v1,21,audio_item_2,reference,100,16224,
model_comparison_v1,21,audio_item_3,Opt_64_dropout,48,100403,
model_comparison_v1,21,audio_item_3,Opt_32,30,100403,
model_comparison_v1,21,audio_item_3,Opt_256,52,100403,
model_comparison_v1,21,audio_item_3,Opt_128,55,100403,
model_comparison_v1,21,audio_item_3,reference,100,100403,
model_comparison_v1,21,audio_item_4,Opt_128,38,25083,
model_comparison_v1,21,audio_item_4,Opt_32,31,25083,
model_comparison_v1,21,audio_item_4,Opt_64_dropout,69,25083,
model_comparison_v1,21,audio_item_4,reference,100,25083,
model_comparison_v1,21,audio_item_4,Opt_256,71,25083,
model_comparison_v1,21,audio_item_5,Opt_64_dropout,57,66787,
model_comparison_v1,21,audio_item_5,Opt_256,29,66787,
model_comparison_v1,21,audio_item_5,Opt_128,36,66787,
model_comparison_v1,21,audio_item_5,Opt_32,21,66787,
model_comparison_v1,21,audio_item_5,reference,100,66787,
model_comparison_v1,21,audio_item_6,reference,100,126499,
model_comparison_v1,21,audio_item_6,Opt_128,57,126499,
model_comparison_v1,21,audio_item_6,Opt_256,63,126499,
model_comparison_v1,21,audio_item_6,Opt_64_dropout,36,126499,
model_comparison_v1,21,audio_item_6,Opt_32,22,126499,
model_comparison_v1,21,audio_item_7,Opt_64_dropout,54,142388,
model_comparison_v1,21,audio_item_7,Opt_128,35,142388,
model_comparison_v1,21,audio_item_7,Opt_256,24,142388,
model_comparison_v1,21,audio_item_7,Opt_32,29,142388,
model_comparison_v1,21,audio_item_7,reference,100,142388,
model_comparison_v1,21,audio_item_8,Opt_128,35,64751,
model_comparison_v1,21,audio_item_8,Opt_256,29,64751,
model_comparison_v1,21,audio_item_8,Opt_32,32,64751,
model_comparison_v1,21,audio_item_8,reference,100,64751,
model_comparison_v1,21,audio_item_8,Opt_64_dropout,1,64751,
model_comparison_v1,22,audio_item_1,Opt_32,42,17411,
model_comparison_v1,22,audio_item_1,Opt_256,51,17411,
model_comparison_v1,22,audio_item_1,Opt_128,37,17411,
model_comparison_v1,22,audio_item_1,Opt_64_dropout,62,17411,
model_comparison_v1,22,audio_item_1,reference,100,17411,
model_comparison_v1,22,audio_item_2,reference,100,42070,
model_comparison_v1,22,audio_item_2,Opt_256,7,42070,
model_comparison_v1,22,audio_item_2,Opt_32,48,42070,
model_comparison_v1,22,audio_item_2,Opt_64_dropout,30,42070,
model_comparison_v1,22,audio_item_2,Opt_128,55,42070,
model_comparison_v1,22,audio_item_3,Opt_128,44,76454,
model_comparison_v1,22,audio_item_3,Opt_32,38,76454,
model_comparison_v1,22,audio_item_3,Opt_64_dropout,54,76454,
model_comparison_v1,22,audio_item_3,Opt_256,62,76454,
model_comparison_v1,22,audio_item_3,reference,100,76454,
model_comparison_v1,22,audio_item_4,Opt_32,47,116136,
model_comparison_v1,22,audio_item_4,Opt_256,37,116136,
model_comparison_v1,22,audio_item_4,Opt_64_dropout,22,116136,
model_comparison_v1,22,audio_item_4,reference,100,116136,
model_comparison_v1,22,audio_item_4,Opt_128,53,116136,
model_comparison_v1,22,audio_item_5,Opt_32,55,90552,
model_comparison_v1,22,audio_item_5,reference,100,90552,
model_comparison_v1,22,audio_item_5,Opt_128,15,90552,
model_comparison_v1,22,audio_item_5,Opt_64_dropout,22,90552,
model_comparison_v1,22,audio_item_5,Opt_256,55,90552,
model_comparison_v1,22,audio_item_6,Opt_256,48,20559,
model_comparison_v1,22,audio_item_6,reference,100,20559,
model_comparison_v1,22,audio_item_6,Opt_32,45,20559,
model_comparison_v1,22,audio_item_6,Opt_128,45,20559,
model_comparison_v1,22,audio_item_6,Opt_64_dropout,50,20559,
model_comparison_v1,22,audio_item_7,Opt_256,40,123233,
model_comparison_v1,22,audio_item_7,Opt_128,54,123233,
model_comparison_v1,22,audio_item_7,Opt_64_dropout,37,123233,
model_comparison_v1,22,audio_item_7,reference,100,123233,
model_comparison_v1,22,audio_item_7,Opt_32,46,123233,
model_comparison_v1,22,audio_item_8,Opt_128,74,113764,
model_comparison_v1,22,audio_item_8,reference,100,113764,
model_comparison_v1,22,audio_item_8,Opt_64_dropout,32,113764,
model_comparison_v1,22,audio_item_8,Opt_256,31,113764,
model_comparison_v1,22,audio_item_8,Opt_32,46,113764,
model_comparison_v1,23,audio_item_1,Opt_256,27,146741,
model_comparison_v1,23,audio_item_1,Opt_32,38,146741,
model_comparison_v1,23,audio_item_1,reference,93,146741,
model_comparison_v1,23,audio_item_1,Opt_128,58,146741,
model_comparison_v1,23,audio_item_1,Opt_64_dropout,32,146741,
model_comparison_v1,23,audio_item_2,Opt_256,97,26006,
model_comparison_v1,23,audio_item_2,Opt_64_dropout,19,26006,
model_comparison_v1,23,audio_item_2,Opt_128,32,26006,
model_comparison_v1,23,audio_item_2,reference,100,26006,
model_comparison_v1,23,audio_item_2,Opt_32,45,26006,
model_comparison_v1,23,audio_item_3,Opt_32,53,144705,
model_comparison_v1,23,audio_item_3,reference,100,144705,
model_comparison_v1,23,audio_item_3,Opt_64_dropout,88,144705,
model_comparison_v1,23,audio_item_3,Opt_128,44,144705,
model_comparison_v1,23,audio_item_3,Opt_256,87,144705,
model_comparison_v1,23,audio_item_4,Opt_32,46,18968,
model_comparison_v1,23,audio_item_4,Opt_128,35,18968,
model_comparison_v1,23,audio_item_4,reference,100,18968,
model_comparison_v1,23,audio_item_4,Opt_64_dropout,50,18968,
model_comparison_v1,23,audio_item_4,Opt_256,7,18968,
model_comparison_v1,23,audio_item_5,reference,100,138169,
model_comparison_v1,23,audio_item_5,Opt_256,52,138169,
model_comparison_v1,23,audio_item_5,Opt_128,45,138169,
model_comparison_v1,23,audio_item_5,Opt_32,29,138169,
model_comparison_v1,23,audio_item_5,Opt_64_dropout,45,138169,
model_comparison_v1,23,audio_item_6,reference,100,81457,
model_comparison_v1,23,audio_item_6,Opt_256,0,81457,
model_comparison_v1,23,audio_item_6,Opt_32,43,81457,
model_comparison_v1,23,audio_item_6,Opt_128,19,81457,
model_comparison_v1,23,audio_item_6,Opt_64_dropout,45,81457,
model_comparison_v1,23,audio_item_7,Opt_32,20,67796,
model_comparison_v1,23,audio_item_7,reference,100,67796,
model_comparison_v1,23,audio_item_7,Opt_256,29,67796,
model_comparison_v1,23,audio_item_7,Opt_64_dropout,45,67796,
model_comparison_v1,23,audio_item_7,Opt_128,38,67796,
model_comparison_v1,23,audio_item_8,Opt_128,46,46866,
model_comparison_v1,23,audio_item_8,reference,90,46866,
model_comparison_v1,23,audio_item_8,Opt_64_dropout,44,46866,
model_comparison_v1,23,audio_item_8,Opt_256,33,46866,
model_comparison_v1,23,audio_item_8,Opt_32,58,46866,
model_comparison_v1,24,audio_item_1,Opt_256,31,48576,
model_comparison_v1,24,audio_item_1,reference,100,48576,
model_comparison_v1,24,audio_item_1,Opt_128,33,48576,
model_comparison_v1,24,audio_item_1,Opt_64_dropout,72,48576,
model_comparison_v1,24,audio_item_1,Opt_32,45,48576,
model_comparison_v1,24,audio_item_2,reference,100,94022,
model_comparison_v1,24,audio_item_2,Opt_256,36,94022,
model_comparison_v1,24,audio_item_2,Opt_128,38,94022,
model_comparison_v1,24,audio_item_2,Opt_32,51,94022,
model_comparison_v1,24,audio_item_2,Opt_64_dropout,40,94022,
model_comparison_v1,24,audio_item_3,Opt_64_dropout,66,20311,
model_comparison_v1,24,audio_item_3,reference,100,20311,
model_comparison_v1,24,audio_item_3,Opt_128,30,20311,
model_comparison_v1,24,audio_item_3,Opt_256,0,20311,
model_comparison_v1,24,audio_item_3,Opt_32,16,20311,
model_comparison_v1,24,audio_item_4,Opt_128,47,85433,
model_comparison_v1,24,audio_item_4,reference,100,85433,
model_comparison_v1,24,audio_item_4,Opt_32,41,85433,
model_comparison_v1,24,audio_item_4,Opt_256,30,85433,
model_comparison_v1,24,audio_item_4,Opt_64_dropout,33,85433,
model_comparison_v1,24,audio_item_5,Opt_32,38,113661,
model_comparison_v1,24,audio_item_5,Opt_128,38,113661,
model_comparison_v1,24,audio_item_5,Opt_256,50,113661,
model_comparison_v1,24,audio_item_5,Opt_64_dropout,32,113661,
model_comparison_v1,24,audio_item_5,reference,100,113661,
model_comparison_v1,24,audio_item_6,Opt_64_dropout,47,30269,
model_comparison_v1,24,audio_item_6,Opt_32,49,30269,
model_comparison_v1,24,audio_item_6,reference,94,30269,
model_comparison_v1,24,audio_item_6,Opt_256,69,30269,
model_comparison_v1,24,audio_item_6,Opt_128,19,30269,
model_comparison_v1,24,audio_item_7,Opt_128,55,29390,
model_comparison_v1,24,audio_item_7,Opt_32,36,29390,
model_comparison_v1,24,audio_item_7,reference,100,29390,
model_comparison_v1,24,audio_item_7,Opt_256,65,29390,
model_comparison_v1,24,audio_item_7,Opt_64_dropout,48,29390,
model_comparison_v1,24,audio_item_8,Opt_128,44,69558,
model_comparison_v1,24,audio_item_8,reference,100,69558,
model_comparison_v1,24,audio_item_8,Opt_32,34,69558,
model_comparison_v1,24,audio_item_8,Opt_256,9,69558,
model_comparison_v1,24,audio_item_8,Opt_64_dropout,26,69558,
model_comparison_v1,25,audio_item_1,Opt_64_dropout,58,102625,
model_comparison_v1,25,audio_item_1,Opt_256,77,102625,
model_comparison_v1,25,audio_item_1,Opt_128,53,102625,
model_comparison_v1,25,audio_item_1,Opt_32,7,102625,
model_comparison_v1,25,audio_item_1,reference,100,102625,
model_comparison_v1,25,audio_item_2,Opt_128,76,74996,
model_comparison_v1,25,audio_item_2,reference,100,74996,
model_comparison_v1,25,audio_item_2,Opt_64_dropout,63,74996,
model_comparison_v1,25,audio_item_2,Opt_32,5,74996,
model_comparison_v1,25,audio_item_2,Opt_256,24,74996,
model_comparison_v1,25,audio_item_3,Opt_64_dropout,22,131550,
model_comparison_v1,25,audio_item_3,Opt_32,16,131550,
model_comparison_v1,25,audio_item_3,Opt_128,62,131550,
model_comparison_v1,25,audio_item_3,reference,91,131550,
model_comparison_v1,25,audio_item_3,Opt_256,82,131550,
model_comparison_v1,25,audio_item_4,reference,100,118259,
model_comparison_v1,25,audio_item_4,Opt_128,34,118259,
model_comparison_v1,25,audio_item_4,Opt_32,45,118259,
model_comparison_v1,25,audio_item_4,Opt_64_dropout,37,118259,
model_comparison_v1,25,audio_item_4,Opt_256,48,118259,
model_comparison_v1,25,audio_item_5,Opt_32,47,28691,
model_comparison_v1,25,audio_item_5,Opt_256,42,28691,
model_comparison_v1,25,audio_item_5,Opt_128,79,28691,
model_comparison_v1,25,audio_item_5,Opt_64_dropout,55,28691,
model_comparison_v1,25,audio_item_5,reference,100,28691,
model_comparison_v1,25,audio_item_6,Opt_32,32,68987,
model_comparison_v1,25,audio_item_6,Opt_128,21,68987,
model_comparison_v1,25,audio_item_6,Opt_256,39,68987,
model_comparison_v1,25,audio_item_6,Opt_64_dropout,45,68987,
model_comparison_v1,25,audio_item_6,reference,100,68987,
model_comparison_v1,25,audio_item_7,Opt_32,37,39918,
model_comparison_v1,25,audio_item_7,Opt_64_dropout,52,39918,
model_comparison_v1,25,audio_item_7,reference,100,39918,
model_comparison_v1,25,audio_item_7,Opt_256,0,39918,
model_comparison_v1,25,audio_item_7,Opt_128,42,39918,
model_comparison_v1,25,audio_item_8,Opt_64_dropout,75,95127,
model_comparison_v1,25,audio_item_8,reference,100,95127,
model_comparison_v1,25,audio_item_8,Opt_32,23,95127,
model_comparison_v1,25,audio_item_8,Opt_128,41,95127,
model_comparison_v1,25,audio_item_8,Opt_256,43,95127,
model_comparison_v1,26,audio_item_1,Opt_64_dropout,35,90146,
model_comparison_v1,26,audio_item_1,reference,100,90146,
model_comparison_v1,26,audio_item_1,Opt_256,25,90146,
model_comparison_v1,26,audio_item_1,Opt_128,43,90146,
model_comparison_v1,26,audio_item_1,Opt_32,27,90146,
model_comparison_v1,26,audio_item_2,Opt_64_dropout,73,94192,
model_comparison_v1,26,audio_item_2,reference,100,94192,
model_comparison_v1,26,audio_item_2,Opt_256,35,94192,
model_comparison_v1,26,audio_item_2,Opt_32,40,94192,
model_comparison_v1,26,audio_item_2,Opt_128,36,94192,
model_comparison_v1,26,audio_item_3,reference,100,96957,
model_comparison_v1,26,audio_item_3,Opt_64_dropout,42,96957,
model_comparison_v1,26,audio_item_3,Opt_128,31,96957,
model_comparison_v1,26,audio_item_3,Opt_256,24,96957,
model_comparison_v1,26,audio_item_3,Opt_32,65,96957,
model_comparison_v1,26,audio_item_4,Opt_256,55,74766,
model_comparison_v1,26,audio_item_4,Opt_64_dropout,46,74766,
model_comparison_v1,26,audio_item_4,Opt_128,58,74766,
model_comparison_v1,26,audio_item_4,Opt_32,50,74766,
model_comparison_v1,26,audio_item_4,reference,100,74766,
model_comparison_v1,26,audio_item_5,Opt_256,6,119304,
model_comparison_v1,26,audio_item_5,Opt_32,64,119304,
model_comparison_v1,26,audio_item_5,Opt_128,15,119304,
model_comparison_v1,26,audio_item_5,reference,94,119304,
model_comparison_v1,26,audio_item_5,Opt_64_dropout,24,119304,
model_comparison_v1,26,audio_item_6,reference,100,127301,
model_comparison_v1,26,audio_item_6,Opt_256,57,127301,
model_comparison_v1,26,audio_item_6,Opt_32,41,127301,
model_comparison_v1,26,audio_item_6,Opt_128,46,127301,
model_comparison_v1,26,audio_item_6,Opt_64_dropout,72,127301,
model_comparison_v1,26,audio_item_7,Opt_128,66,58785,
model_comparison_v1,26,audio_item_7,reference,100,58785,
model_comparison_v1,26,audio_item_7,Opt_64_dropout,29,58785,
model_comparison_v1,26,audio_item_7,Opt_256,36,58785,
model_comparison_v1,26,audio_item_7,Opt_32,48,58785,
model_comparison_v1,26,audio_item_8,reference,100,38665,
model_comparison_v1,26,audio_item_8,Opt_64_dropout,59,38665,
model_comparison_v1,26,audio_item_8,Opt_256,32,38665,
model_comparison_v1,26,audio_item_8,Opt_32,39,38665,
model_comparison_v1,26,audio_item_8,Opt_128,45,38665,
model_comparison_v1,27,audio_item_1,reference,100,66641,
model_comparison_v1,27,audio_item_1,Opt_128,51,66641,
model_comparison_v1,27,audio_item_1,Opt_256,52,66641,
model_comparison_v1,27,audio_item_1,Opt_32,22,66641,
model_comparison_v1,27,audio_item_1,Opt_64_dropout,36,66641,
model_comparison_v1,27,audio_item_2,Opt_64_dropout,33,121366,
model_comparison_v1,27,audio_item_2,Opt_32,23,121366,
model_comparison_v1,27,audio_item_2,Opt_256,20,121366,
model_comparison_v1,27,audio_item_2,reference,100,121366,
model_comparison_v1,27,audio_item_2,Opt_128,34,121366,
model_comparison_v1,27,audio_item_3,Opt_256,16,141489,
model_comparison_v1,27,audio_item_3,Opt_64_dropout,6,141489,
model_comparison_v1,27,audio_item_3,Opt_32,45,141489,
model_comparison_v1,27,audio_item_3,reference,100,141489,
model_comparison_v1,27,audio_item_3,Opt_128,38,141489,
model_comparison_v1,27,audio_item_4,Opt_128,52,148941,
model_comparison_v1,27,audio_item_4,Opt_32,33,148941,
model_comparison_v1,27,audio_item_4,Opt_256,60,148941,
model_comparison_v1,27,audio_item_4,Opt_64_dropout,48,148941,
model_comparison_v1,27,audio_item_4,reference,100,148941,
model_comparison_v1,27,audio_item_5,Opt_256,48,56131,
model_comparison_v1,27,audio_item_5,Opt_64_dropout,26,56131,
model_comparison_v1,27,audio_item_5,reference,100,56131,
model_comparison_v1,27,audio_item_5,Opt_32,39,56131,
model_comparison_v1,27,audio_item_5,Opt_128,56,56131,
model_comparison_v1,27,audio_item_6,reference,100,32890,
model_comparison_v1,27,audio_item_6,Opt_256,28,32890,
model_comparison_v1,27,audio_item_6,Opt_32,54,32890,
model_comparison_v1,27,audio_item_6,Opt_64_dropout,27,32890,
model_comparison_v1,27,audio_item_6,Opt_128,44,32890,
model_comparison_v1,27,audio_item_7,reference,100,79561,
model_comparison_v1,27,audio_item_7,Opt_256,19,79561,
model_comparison_v1,27,audio_item_7,Opt_32,51,79561,
model_comparison_v1,27,audio_item_7,Opt_128,31,79561,
model_comparison_v1,27,audio_item_7,Opt_64_dropout,14,79561,
model_comparison_v1,27,audio_item_8,Opt_128,59,67172,
model_comparison_v1,27,audio_item_8,Opt_64_dropout,38,67172,
model_comparison_v1,27,audio_item_8,Opt_256,9,67172,
model_comparison_v1,27,audio_item_8,Opt_32,49,67172,
model_comparison_v1,27,audio_item_8,reference,100,67172,
model_comparison_v1,28,audio_item_1,Opt_256,30,55142,
model_comparison_v1,28,audio_item_1,Opt_64_dropout,29,55142,
model_comparison_v1,28,audio_item_1,reference,100,55142,
model_comparison_v1,28,audio_item_1,Opt_128,28,55142,
model_comparison_v1,28,audio_item_1,Opt_32,40,55142,
model_comparison_v1,28,audio_item_2,Opt_64_dropout,28,149554,
model_comparison_v1,28,audio_item_2,Opt_256,56,149554,
model_comparison_v1,28,audio_item_2,Opt_32,17,149554,
model_comparison_v1,28,audio_item_2,reference,89,149554,
model_comparison_v1,28,audio_item_2,Opt_128,54,149554,
model_comparison_v1,28,audio_item_3,Opt_128,30,32645,
model_comparison_v1,28,audio_item_3,reference,94,32645,
model_comparison_v1,28,audio_item_3,Opt_256,61,32645,
model_comparison_v1,28,audio_item_3,Opt_32,35,32645,
model_comparison_v1,28,audio_item_3,Opt_64_dropout,53,32645,
model_comparison_v1,28,audio_item_4,Opt_64_dropout,51,16489,
model_comparison_v1,28,audio_item_4,Opt_128,29,16489,
model_comparison_v1,28,audio_item_4,Opt_32,45,16489,
model_comparison_v1,28,audio_item_4,reference,93,16489,
model_comparison_v1,28,audio_item_4,Opt_256,41,16489,
model_comparison_v1,28,audio_item_5,reference,95,16636,
model_comparison_v1,28,audio_item_5,Opt_32,39,16636,
model_comparison_v1,28,audio_item_5,Opt_64_dropout,9,16636,
model_comparison_v1,28,audio_item_5,Opt_128,72,16636,
model_comparison_v1,28,audio_item_5,Opt_256,15,16636,
model_comparison_v1,28,audio_item_6,reference,100,58831,
model_comparison_v1,28,audio_item_6,Opt_128,55,58831,
model_comparison_v1,28,audio_item_6,Opt_32,44,58831,
model_comparison_v1,28,audio_item_6,Opt_256,47,58831,
model_comparison_v1,28,audio_item_6,Opt_64_dropout,38,58831,
model_comparison_v1,28,audio_item_7,Opt_256,26,32974,
model_comparison_v1,28,audio_item_7,Opt_32,67,32974,
model_comparison_v1,28,audio_item_7,reference,100,32974,
model_comparison_v1,28,audio_item_7,Opt_64_dropout,32,32974,
model_comparison_v1,28,audio_item_7,Opt_128,74,32974,
model_comparison_v1,28,audio_item_8,Opt_64_dropout,30,104012,
model_comparison_v1,28,audio_item_8,reference,100,104012,
model_comparison_v1,28,audio_item_8,Opt_128,55,104012,
model_comparison_v1,28,audio_item_8,Opt_256,37,104012,
model_comparison_v1,28,audio_item_8,Opt_32,43,104012,
model_comparison_v1,29,audio_item_1,Opt_256,22,21457,
model_comparison_v1,29,audio_item_1,reference,100,21457,
model_comparison_v1,29,audio_item_1,Opt_64_dropout,24,21457,
model_comparison_v1,29,audio_item_1,Opt_32,19,21457,
model_comparison_v1,29,audio_item_1,Opt_128,50,21457,
model_comparison_v1,29,audio_item_2,Opt_64_dropout,58,40001,
model_comparison_v1,29,audio_item_2,reference,100,40001,
model_comparison_v1,29,audio_item_2,Opt_128,50,40001,
model_comparison_v1,29,audio_item_2,Opt_256,57,40001,
model_comparison_v1,29,audio_item_2,Opt_32,28,40001,
model_comparison_v1,29,audio_item_3,Opt_64_dropout,44,99329,
model_comparison_v1,29,audio_item_3,Opt_128,23,99329,
model_comparison_v1,29,audio_item_3,reference,100,99329,
model_comparison_v1,29,audio_item_3,Opt_32,58,99329,
model_comparison_v1,29,audio_item_3,Opt_256,26,99329,
model_comparison_v1,29,audio_item_4,Opt_128,39,145745,
model_comparison_v1,29,audio_item_4,Opt_256,37,145745,
model_comparison_v1,29,audio_item_4,Opt_32,24,145745,
model_comparison_v1,29,audio_item_4,Opt_64_dropout,40,145745,
model_comparison_v1,29,audio_item_4,reference,100,145745,
model_comparison_v1,29,audio_item_5,Opt_64_dropout,43,98227,
model_comparison_v1,29,audio_item_5,Opt_128,23,98227,
model_comparison_v1,29,audio_item_5,reference,100,98227,
model_comparison_v1,29,audio_item_5,Opt_32,28,98227,
model_comparison_v1,29,audio_item_5,Opt_256,0,98227,
model_comparison_v1,29,audio_item_6,Opt_32,54,37097,
model_comparison_v1,29,audio_item_6,reference,100,37097,
model_comparison_v1,29,audio_item_6,Opt_128,36,37097,
model_comparison_v1,29,audio_item_6,Opt_256,12,37097,
model_comparison_v1,29,audio_item_6,Opt_64_dropout,54,37097,
model_comparison_v1,29,audio_item_7,Opt_256,54,125152,
model_comparison_v1,29,audio_item_7,Opt_32,27,125152,
model_comparison_v1,29,audio_item_7,reference,100,125152,
model_comparison_v1,29,audio_item_7,Opt_64_dropout,37,125152,
model_comparison_v1,29,audio_item_7,Opt_128,53,125152,
model_comparison_v1,29,audio_item_8,Opt_128,51,103581,
model_comparison_v1,29,audio_item_8,reference,100,103581,
model_comparison_v1,29,audio_item_8,Opt_256,25,103581,
model_comparison_v1,29,audio_item_8,Opt_64_dropout,31,103581,
model_comparison_v1,29,audio_item_8,Opt_32,48,103581,
model_comparison_v1,30,audio_item_1,Opt_32,52,83290,
model_comparison_v1,30,audio_item_1,reference,100,83290,
model_comparison_v1,30,audio_item_1,Opt_256,21,83290,
model_comparison_v1,30,audio_item_1,Opt_128,42,83290,
model_comparison_v1,30,audio_item_1,Opt_64_dropout,55,83290,
model_comparison_v1,30,audio_item_2,Opt_32,43,73563,
model_comparison_v1,30,audio_item_2,Opt_64_dropout,36,73563,
model_comparison_v1,30,audio_item_2,Opt_128,24,73563,
model_comparison_v1,30,audio_item_2,reference,100,73563,
model_comparison_v1,30,audio_item_2,Opt_256,49,73563,
model_comparison_v1,30,audio_item_3,Opt_64_dropout,50,89936,
model_comparison_v1,30,audio_item_3,Opt_128,2,89936,
model_comparison_v1,30,audio_item_3,Opt_256,61,89936,
model_comparison_v1,30,audio_item_3,reference,100,89936,
model_comparison_v1,30,audio_item_3,Opt_32,44,89936,
model_comparison_v1,30,audio_item_4,Opt_64_dropout,45,16489,
model_comparison_v1,30,audio_item_4,Opt_32,57,16489,
model_comparison_v1,30,audio_item_4,reference,100,16489,
model_comparison_v1,30,audio_item_4,Opt_256,35,16489,
model_comparison_v1,30,audio_item_4,Opt_128,59,16489,
model_comparison_v1,30,audio_item_5,reference,100,82776,
model_comparison_v1,30,audio_item_5,Opt_128,49,82776,
model_comparison_v1,30,audio_item_5,Opt_32,32,82776,
model_comparison_v1,30,audio_item_5,Opt_64_dropout,34,82776,
model_comparison_v1,30,audio_item_5,Opt_256,30,82776,
model_comparison_v1,30,audio_item_6,reference,100,67335,
model_comparison_v1,30,audio_item_6,Opt_256,72,67335,
model_comparison_v1,30,audio_item_6,Opt_64_dropout,41,67335,
model_comparison_v1,30,audio_item_6,Opt_32,36,67335,
model_comparison_v1,30,audio_item_6,Opt_128,33,67335,
model_comparison_v1,30,audio_item_7,Opt_32,51,109897,
model_comparison_v1,30,audio_item_7,Opt_128,29,109897,
model_comparison_v1,30,audio_item_7,Opt_64_dropout,27,109897,
model_comparison_v1,30,audio_item_7,reference,100,109897,
model_comparison_v1,30,audio_item_7,Opt_256,34,109897,
model_comparison_v1,30,audio_item_8,Opt_128,31,120961,
model_comparison_v1,30,audio_item_8,Opt_256,20,120961,
model_comparison_v1,30,audio_item_8,Opt_64_dropout,35,120961,
model_comparison_v1,30,audio_item_8,Opt_32,26,120961,
model_comparison_v1,30,audio_item_8,reference,100,120961,
